            ,                    ,                        ,                    ,      ,             ,       , PRESENÇA DIGITAL DA CASA                                                     ,                         ,                               ,                                                                                                                                                                                                             , "google_maps_url, site_url"                                                                                                                    , 
            ,                    ,                        , ACSE               ,      ,             ,       , DESCOMPLICAR O MOVIMENTO FEDERATIVO                                          ,                         ,                               ,                                                                                                                                                                                                             ,                                                                                                                                                , 
            ,                    ,                        , ACSE               ,      ,             ,       , DETALHAR PROCESSOS INTERNOS DA ÁREA PARA PERMITIR CONTINUIDADE DO TRABALHO   ,                         ,                               ,                                                                                                                                                                                                             ,                                                                                                                                                , 
            ,                    ,                        , ACSE               ,      ,             ,       , Espaço Oficinas                                                              ,                         ,                               ,                                                                                                                                                                                                             ,                                                                                                                                                , 
            ,                    ,                        , ACSE               ,      ,             ,       , Grupo de estudos de CNV                                                      ,                         ,                               ,                                                                                                                                                                                                             ,                                                                                                                                                , 
            ,                    ,                        , ACSE               ,      ,             ,       , GUIA PARA VALIDAR IDÉIAS RELATIVAS AO TRABALHO ESPÍRITA                      ,                         ,                               , GARANTIR QUE TENHAM A FUNDAMENTAÇÃO DOUTRINÁRIA ADEQUADA                                                                                                                                                    , FORM DE IDÉIAS DAS CASAS                                                                                                                       , 
            ,                    ,                        , ACSE               ,      ,             ,       , GUIAS DE GESTÃO PARA EQUIPES MAIORES                                         ,                         ,                               ,                                                                                                                                                                                                             ,                                                                                                                                                , 
            ,                    ,                        , ACSE               ,      ,             ,       , GUIAS DE GESTÃO PARA EQUIPES PEQUENAS                                        ,                         ,                               ,                                                                                                                                                                                                             ,                                                                                                                                                , 
            ,                    ,                        , ACSE               ,      ,             , ✅     , MUTIRÃO DE PROBLEMAS SOLUÇÕES                                                ,                         ,                               ,                                                                                                                                                                                                             ,                                                                                                                                                , 
            ,                    ,                        , ACSE               ,      ,             , 📃    , DIVULGAR PLANEJAMENTOS ESTRATÉGICOS PUBLICAMENTE                             ,                         ,                               ,                                                                                                                                                                                                             ,                                                                                                                                                , 
            ,                    ,                        , ACSE               ,      ,             , 📃    , PROPOSTAS DE EXERCÍCIOS DE AUTOCONHECIMENTO                                  ,                         ,                               , FOFA INDIVIDUAL E FOFA EQUIPE                                                                                                                                                                               ,                                                                                                                                                , 
            ,                    ,                        , ACSE               ,      ,             , 📃    , PROPOSTAS DE EXERCÍCIOS DE COMUNICAÇÃO                                       ,                         ,                               , CAPACITAÇÃO CONTÍNUA                                                                                                                                                                                        ,                                                                                                                                                , 
            ,                    ,                        , ACSE               ,      ,             , 📃    , PROPOSTAS DE EXERCÍCIOS DE REFORMA ÍNTIMA                                    ,                         ,                               , FOFA APROFUNDADO COM CONHECIMENTO ESPÍRITA                                                                                                                                                                  ,                                                                                                                                                , 
            ,                    ,                        , ACSE               ,      , ACSE        ,       , Prompts de IA para facilitar processos e tarefas                             ,                         ,                               , guardrails para agilizar o trabalho                                                                                                                                                                         ,                                                                                                                                                , 

            ,                    ,                        , CASAS ESPÍRITAS    ,      ,             ,       , AEO+SEO (ANSWER/SEARCH ENGINE OPTIMIZATION) DE CIDADES                       ,                         ,                               ,                                                                                                                                                                                                             ,                                                                                                                                                , 
            ,                    ,                        , CASAS ESPÍRITAS    ,      ,             ,       , AGENDA PÚBLICA DAS ATIVIDADES CORRIQUEIRAS                                   ,                         ,                               , "ICS, FORMATO AGENDA: PUBLICO ESPECÍFICO: EVANGELIZAÇÃO, JUVENTUDE, PALESTRAS, "                                                                                                                            ,                                                                                                                                                , 
            ,                    ,                        , CASAS ESPÍRITAS    ,      ,             ,       , AGILIZAR DOCUMENTAÇÃO DE NOVIDADES                                           ,                         ,                               ,                                                                                                                                                                                                             ,                                                                                                                                                , 
            ,                    ,                        , CASAS ESPÍRITAS    ,      ,             ,       , APRIMORAR TEMA/ESTILO DAS TAREFAS                                            ,                         ,                               ,                                                                                                                                                                                                             ,                                                                                                                                                , 
            ,                    ,                        , CASAS ESPÍRITAS    ,      ,             ,       , Aumentar ACESSIBILIDADE                                                      ,                         ,                               , "VLIBRAS, CONTRASTE, AUDITIVA "                                                                                                                                                                             ,                                                                                                                                                , 
            ,                    ,                        , CASAS ESPÍRITAS    ,      ,             ,       , Aumentar ACESSIBILIDADE                                                      ,                         ,                               , CONTRASTE                                                                                                                                                                                                   , https://www.gov.br/governodigital/pt-br/acessibilidade-e-usuario/vlibras                                                                       , 
            ,                    ,                        , CASAS ESPÍRITAS    ,      ,             ,       , AUTOMAÇÃO CIDADE/DISTRITO/CRE/REVISOR/APOIO                                  ,                         ,                               , "Facilitar que determinados campos sejam preenchidos automaticamente, e com isso, automações possam ser construídas"                                                                                        , espaço cre                                                                                                                                     , 
            ,                    ,                        , CASAS ESPÍRITAS    ,      ,             ,       , BLOG: ARTIGOS DESCREVENDO TAREFAS E ATIVIDADES DA CASA                       ,                         ,                               , Inspirar o público a se tornar tarefeiro                                                                                                                                                                    , "DESCREVER A TAREFA E O IMPACTO SOCIAL/INSTITUCIONAL/INDIVIDUAL, SUA RELAÇÃO COM ÁREAS FEDERATIVAS, ATENDIMENTO AO PLANO DE TRABALHO, OCE, ...", 
            ,                    ,                        , CASAS ESPÍRITAS    ,      ,             ,       , BOTÃO PARA RECOMENDAR CASAS ESPÍRITA                                         ,                         ,                               , "NOTIFICA UM DIVULGADOR PRÓXIMO, PARA QUE ELE APRESENTA O SITE PARA UMA CASA"                                                                                                                               ,                                                                                                                                                , 
            ,                    ,                        , CASAS ESPÍRITAS    ,      ,             ,       , CENSO 2022 - RELACIONAR INFORMAÇÕES COM CASAS ESPÍRITAS                      ,                         ,                               , Permitir que os CREs possam desenvolver projetos com base no conhecimento demográfico da região                                                                                                             ,                                                                                                                                                , 
            ,                    ,                        , CASAS ESPÍRITAS    ,      ,             ,       , Controle de Usuário e Senha para Registros                                   ,                         ,                               ,                                                                                                                                                                                                             ,                                                                                                                                                , 
            ,                    ,                        , CASAS ESPÍRITAS    ,      ,             ,       , CRIAR ESPAÇO PARA 'DOAÇÃO' ?                                                 ,                         ,                               ,                                                                                                                                                                                                             ,                                                                                                                                                , 
            ,                    ,                        , CASAS ESPÍRITAS    ,      ,             ,       , CRIAR MAPA DE JORNADA DO VISITANTE DO SITE                                   ,                         ,                               ,                                                                                                                                                                                                             ,                                                                                                                                                , 
            ,                    ,                        , CASAS ESPÍRITAS    ,      ,             ,       , DIVULGAÇÃO DAS ATIVIDADES EM FORMATOS VARIADOS                               ,                         ,                               , "Inspirar o usuário a participar do voluntariado, Espaço de ""carrosel"" para apresentar atividades das casas espíritas"                                                                                    ,                                                                                                                                                , 
            ,                    ,                        , CASAS ESPÍRITAS    ,      ,             ,       , ESPAÇO AMEs / órgãos municipais                                                                 ,                         ,                               , "Facilitar acompanhamento das Casas a partir da ""unidade"" da AME: inscrição, listagem, página própria, contato, documentos instrução, ..."                                                                , 65 ESPAÇO AME                                                                                                                                  , 
            ,                    ,                        , CASAS ESPÍRITAS    ,      ,             ,       , ESPAÇO CREs / órgãos da micro-região que abrangem conjunto de cidades                                                                  ,                         ,                               , Conjunto de ferramentas e funcionalidades para atender os CREs                                                                                                                                              , 02 - ESPAÇO CRE                                                                                                                                , 
            ,                    ,                        , CASAS ESPÍRITAS    ,      ,             ,       , FORM DEMANDAS DA CASA C/ DELEGAÇÃO AUTOMÁTICA                                ,                         ,                               ,                                                                                                                                                                                                             ,                                                                                                                                                , 
            ,                    ,                        , CASAS ESPÍRITAS    ,      ,             ,       , GUIA DE APOIO À CASA (RENDERIZADO EM FUNÇÃO DAS ATIVIDADES)                  ,                         ,                               ,                                                                                                                                                                                                             ,                                                                                                                                                , 
            ,                    ,                        , CASAS ESPÍRITAS    ,      ,             ,       , Informações de Contato dos CREs                                              ,                         ,                               , Facilitar com que as casas obtenham auxílio com o seu CRE                                                                                                                                                   ,                                                                                                                                                , 
            ,                    ,                        , CASAS ESPÍRITAS    ,      ,             ,       , Informar que está aceitando voluntários                                      ,                         ,                               ,                                                                                                                                                                                                             ,                                                                                                                                                , 
            ,                    ,                        , CASAS ESPÍRITAS    ,      ,             ,       , LGPD: REPORTAR PROBLEMA NO SITE                                              ,                         ,                               ,                                                                                                                                                                                                             ,                                                                                                                                                , 
            ,                    ,                        , CASAS ESPÍRITAS    ,      ,             ,       , LINK P/ GRUPO DE REVISORES DA CASA                                           ,                         ,                               ,                                                                                                                                                                                                             ,                                                                                                                                                , 
            ,                    ,                        , CASAS ESPÍRITAS    ,      ,             ,       , MCP DAS CASAS ESPÍRITAS                                                      ,                         ,                               ,                                                                                                                                                                                                             ,                                                                                                                                                , 
            ,                    ,                        , CASAS ESPÍRITAS    ,      ,             ,       , Nº TELEFONE ATENDIMENTO FRATERNO POR CIDADE                                  ,                         ,                               ,                                                                                                                                                                                                             ,                                                                                                                                                , 
            ,                    ,                        , CASAS ESPÍRITAS    ,      ,             ,       , Novo campo: ATIVIDADES                                                       ,                         ,                               , "Servir como ""intranet"" da Casa"                                                                                                                                                                          , NOVOS TIPOS DE CAMPOS P/ PDB                                                                                                                   , 
            ,                    ,                        , CASAS ESPÍRITAS    ,      ,             ,       , Novo campo: EVENTOS                                                          ,                         ,                               , "Similar às tarefas, mas com inicio e fim determinados, com divulgação na tela inicial"                                                                                                                     , NOVOS TIPOS DE CAMPOS P/ PDB                                                                                                                   , 
            ,                    ,                        , CASAS ESPÍRITAS    ,      ,             ,       , Novo campo: SOLICITAÇÕES                                                     ,                         ,                               , Encaminha demandas das casas para órgãos                                                                                                                                                                    ,                                                                                                                                                , VÁRIOS
            ,                    ,                        , CASAS ESPÍRITAS    ,      ,             ,       , OBTENÇÃO DE FEEDBACK / DESPERSONALIZAR                                       ,                         ,                               , "Conversar com representantes dos públicos-alvos para que eles indiquem melhorias nos processos, no site, nos documentos."                                                                                  ,                                                                                                                                                , 
            ,                    ,                        , CASAS ESPÍRITAS    ,      ,             ,       , PALESTRAS DA CASA                                                            ,                         ,                               ,                                                                                                                                                                                                             ,                                                                                                                                                , 
            ,                    ,                        , CASAS ESPÍRITAS    ,      ,             ,       , PERMITIR BUSCAR POR NÚMERO DO CRE                                            ,                         ,                               ,                                                                                                                                                                                                             ,                                                                                                                                                , 
            ,                    ,                        , CASAS ESPÍRITAS    ,      ,             ,       , QR CODE DE DIVULGAÇÃO DA PÁGINA DA CASA                                      ,                         ,                               ,                                                                                                                                                                                                             ,                                                                                                                                                , 
            ,                    ,                        , CASAS ESPÍRITAS    ,      ,             ,       , REDES SOCIAIS DA CASA                                                        ,                         ,                               , segmentar interesses                                                                                                                                                                                        , "youtube_url, instagram_url, facebook_url, site_url"                                                                                           , nofollow
            ,                    ,                        , CASAS ESPÍRITAS    ,      ,             ,       , SEO PARA FACILITAR BUSCA POR CIDADE                                          ,                         ,                               , "Atualmente, o widget não usa parâmetros de query na url e isso limita o SEO do site"                                                                                                                       ,                                                                                                                                                , 
            ,                    ,                        , CASAS ESPÍRITAS    ,      ,             ,       , SEO PARA FACILITAR BUSCA POR CIDADE                                          ,                         ,                               , Ao acessar casas.uemmg.org.br/cidades/<NOME> vê uma listagem filtrada por ela                                                                                                                               ,                                                                                                                                                , 
            ,                    ,                        , CASAS ESPÍRITAS    ,      ,             ,       , SEO PARA FACILITAR BUSCA POR CRE                                             ,                         ,                               , Ao acessar casas.uemmg.org.br/cres/<NUMERO> vê a lista de casas da regional                                                                                                                                 ,                                                                                                                                                , 
            ,                    ,                        , CASAS ESPÍRITAS    ,      ,             ,       , SEO SITE                                                                     ,                         ,                               ,                                                                                                                                                                                                             ,                                                                                                                                                , 
            ,                    ,                        , CASAS ESPÍRITAS    ,      ,             ,       , Separar área de cadastro da etapa de visualização                            ,                         ,                               , Permitir que o cadastro passe por uma etapa de compilação para construir uma renderização melhorada                                                                                                         , https://www.gov.br/governodigital/pt-br/acessibilidade-e-usuario/acessibilidade-digital                                                        , 
            ,                    ,                        , CASAS ESPÍRITAS    ,      ,             ,       , TECNICO AVANÇADO: Implementar OPENSEARCH SPECIFICATION                       ,                         ,                               , """Mecanismo de busca interno"" - Facilitar encontrar coisas no site"                                                                                                                                       ,                                                                                                                                                , 
            ,                    ,                        , CASAS ESPÍRITAS    ,      ,             ,       , TÉCNICO: NOTIFICAR ADESÃO DE NOVA CASA                                       ,                         ,                               , Notificar imediatamente usando tecnologia mais adequada ao REVISOR da região                                                                                                                                , Participants Database API – xnau webdesign                                                                                                     , Tecnologias fragmentadas
            ,                    ,                        , CASAS ESPÍRITAS    ,      ,             ,       , TRANSPARÊNCIA DAS CASAS EM REVISÃO                                           ,                         ,                               ,                                                                                                                                                                                                             ,                                                                                                                                                , 
            ,                    ,                        , CASAS ESPÍRITAS    ,      ,             ,       , WEBHOOK DE INSCRIÇÃO                                                         ,                         ,                               , "Facilitar automação, além daquilo que o plugin oferece"                                                                                                                                                    ,                                                                                                                                                , 
            ,                    ,                        , CASAS ESPÍRITAS    ,      ,             ,       , WIDGET DEMANDAS DA CASA                                                      ,                         ,                               ,                                                                                                                                                                                                             ,                                                                                                                                                , 
            ,                    ,                        , CASAS ESPÍRITAS    ,      ,             , ⏳     , PERMITIR ÀS CASAS VOTAR NAS PRÓXIMAS FUNCIONALIDADES                         ,                         ,                               ,                                                                                                                                                                                                             ,                                                                                                                                                , 
            ,                    ,                        , CASAS ESPÍRITAS    ,      ,             , ⏳     , TEMA/ESTILO DA PÁGINA DA CASA                                                ,                         ,                               , Permitir que cada casa escolha seu tema de apresentação                                                                                                                                                     , https://xnau.com/work/wordpress-plugins/participants-database/participants-database-documentation/pdb-templates/                               , 
            ,                    ,                        , CASAS ESPÍRITAS    ,      ,             , ✅     , "LINKS P/ SERVIÇOS PERMANENTES: CVV, FEB ESCUTA, SOS PRECE"                  ,                         ,                               ,                                                                                                                                                                                                             ,                                                                                                                                                , 
            ,                    ,                        , CASAS ESPÍRITAS    ,      ,             , ✅     , PERMITIR INSCRIÇÃO SEM EMAIL (MAS COM TELEFONE)                              ,                         ,                               , Facilitar inscrição de pessoas sem habilidade técnica                                                                                                                                                       ,                                                                                                                                                , 
            ,                    ,                        , CASAS ESPÍRITAS    ,      ,             , ✅     , TECNICO: Plugin para gerar schema markup para as casas                       ,                         ,                               , Facilitar às engines de busca o reconhecimento do que está sendo representado para que seja entregue em outros meios (chat ia)                                                                              ,                                                                                                                                                , 
            ,                    ,                        , CASAS ESPÍRITAS    ,      ,             , ✅     , TECNICO: Plugin para gerar sitemap extraído do participants database         ,                         ,                               , Facilitar às engines de busca o reconhecimento do que está sendo representado para que seja entregue em outros meios (chat ia)                                                                              ,                                                                                                                                                , 
            ,                    ,                        , CASAS ESPÍRITAS    ,      ,             , ✅     , TECNICO: SITEMAP COM APROVADOS                                               ,                         ,                               , FACILITAR RECONHECIMENTO PELAS ENGINES DE BUSCA / RASTREAMENTO                                                                                                                                              ,                                                                                                                                                , 
            ,                    ,                        , CASAS ESPÍRITAS    , 1    ,             ,       , PALESTRAS                                                                    ,                         ,                               , Permite mostrar no site as próximas palestras                                                                                                                                                               , PALESTRAS                                                                                                                                      , 
            ,                    ,                        , ESPIRITISMO        ,      ,             ,       , IA + ESPIRITISMO                                                             ,                         ,                               , MAPEAR COMO AS HIERARQUIAS IMPACTAM O MOV ESPÍRITA                                                                                                                                                          ,                                                                                                                                                , 
            ,                    ,                        , FEDERATIVA         ,      ,             ,       , "CRIAR ESPAÇO ""AO VIVO"" PARA ESCUTA DE DEMANDAS"                           ,                         ,                               ,                                                                                                                                                                                                             ,                                                                                                                                                , 
            ,                    ,                        , SITE UEM           ,      ,             ,       , ACOMPANHAR FALHAS DE SEGURANÇA                                               ,                         ,                               ,                                                                                                                                                                                                             ,                                                                                                                                                , 
            ,                    ,                        , SITE UEM           ,      ,             ,       , CORRIGIR DOWNLOADS                                                           ,                         ,                               ,                                                                                                                                                                                                             ,                                                                                                                                                , 
            ,                    ,                        , SITE UEM           ,      ,             ,       , CORRIGIR LINKS                                                               ,                         ,                               ,                                                                                                                                                                                                             ,                                                                                                                                                , 
            ,                    ,                        , SITE UEM           ,      ,             ,       , CORRIGIR MAPAS                                                               ,                         ,                               ,                                                                                                                                                                                                             ,                                                                                                                                                , 
            ,                    ,                        , SITE UEM           ,      ,             ,       , DETALHE CRE                                                                  ,                         ,                               , "Informações de contato: email, tel, site oficial"                                                                                                                                                          ,                                                                                                                                                , 
            ,                    ,                        , SITE UEM           ,      ,             ,       , LISTA CRES                                                                   ,                         ,                               ,                                                                                                                                                                                                             ,                                                                                                                                                , 
            ,                    ,                        , SITE UEM           ,      ,             ,       , RELACIONAR ARTIGOS DO CASAS COM SITE DA UEM                                  ,                         ,                               ,                                                                                                                                                                                                             ,                                                                                                                                                , 
            ,                    ,                        , SITE UEM           ,      ,             ,       , REVISÃO OBRAS ÁREAS                                                          ,                         ,                               ,                                                                                                                                                                                                             ,                                                                                                                                                , 
            ,                    ,                        , SITE UEM           ,      ,             ,       , REVISÃO OBRAS BÁSICAS                                                        ,                         ,                               ,                                                                                                                                                                                                             ,                                                                                                                                                , 
            ,                    ,                        , SITE UEM           ,      ,             ,       , REVISAR CAMPO DE BUSCA                                                       ,                         ,                               ,                                                                                                                                                                                                             ,                                                                                                                                                , 
            ,                    ,                        , VALORIZAÇÃO DA VIDA,      ,             ,       , CAMPANHA CONTRA A DEPENDÊNCIA QUÍMICA                                        ,                         ,                               ,                                                                                                                                                                                                             ,                                                                                                                                                , 
            ,                    ,                        , VALORIZAÇÃO DA VIDA,      ,             ,       , CAMPANHA CONTRA A DEPRESSÃO                                                  ,                         ,                               ,                                                                                                                                                                                                             , Jesus no Lar 40                                                                                                                                , 
            ,                    , x                      , CASAS ESPÍRITAS    ,      ,             ,       , Quero trabalhar / me candidatar                                              ,                         ,                               , Facilitar que as pessoas se voluntariem nas atividades da casa                                                                                                                                              ,                                                                                                                                                , 
            , x                  ,                        , ACSE               ,      , AIJ         ,       , Criar versões de planejamentos para público jovens                           ,                         ,                               ,                                                                                                                                                                                                             ,                                                                                                                                                , 
            , x                  ,                        , CASAS ESPÍRITAS    ,      , TODOS       ,       , MCP do site Casas Espíritas                                                  ,                         ,                               , Permitir a qualquer pessoa buscar informações das casas usando linguagem natural                                                                                                                            ,                                                                                                                                                , 
Cláudio     ,                    ,                        , ACSE               ,      ,             ,       , "Campanha ""Por quê trabalhar?"""                                            ,                         ,                               , preparar caminho para captação                                                                                                                                                                              , "Pão nosso 64, espirito.org.br ,  [Minuta] Captação de Novos Voluntários"                                                                      , 
Cláudio     ,                    ,                        , ACSE               ,      ,             ,       , Acolhimento / Onboarding de voluntários                                      ,                         ,                               , "assegurar integração do voluntário nas práticas digitais de trabalho agendas, documentos, pastas ..."                                                                                                      ,                                                                                                                                                , 
Cláudio     ,                    ,                        , ACSE               ,      ,             ,       , Campanha em Redes Sociais para explicar o Movimento Federativo               ,                         ,                               , Público alvo: participantes de casa espíritas & inscritos nas redes                                                                                                                                         ,                                                                                                                                                , 
Cláudio     ,                    ,                        , ACSE               ,      ,             ,       , Campanhas nas redes sociais traduzindo as Oficinas numa série de posts       ,                         ,                               , "Divulgar as oficinas num meio, aumentar engajamento nas redes"                                                                                                                                             ,                                                                                                                                                , 
Cláudio     ,                    ,                        , ACSE               ,      ,             ,       , Construir trabalhos mais transparentes e replicáveis                         ,                         ,                               , Facilitar que as próprias casas repliquem as atividades                                                                                                                                                     ,                                                                                                                                                , 
Cláudio     ,                    ,                        , ACSE               ,      ,             ,       , Criar prompts de apoio para uso de IA na estruturação de projetos e campanhas,                         ,                               , Agilizar e Facilitar a criação de documentos estruturados com uso da IA                                                                                                                                     ,                                                                                                                                                , 
Cláudio     ,                    ,                        , ACSE               ,      ,             ,       , Estruturar procedimentos para gravações                                      ,                         ,                               , "Facilitar que não tenham que ser descobertos toda vez, gerando atrasos e confusões"                                                                                                                        ,                                                                                                                                                , 
Cláudio     ,                    ,                        , ACSE               ,      ,             ,       , PLANO DE DESENVOLVIMENTO DA EQUIPE / GRUPO                                   ,                         ,                               , sincronizar expectativas e linguagens para a equipe                                                                                                                                                         , [Minuta] Captação de Novos Voluntários                                                                                                         , 
Cláudio     ,                    ,                        , ACSE               ,      ,             ,       , PLANO DE DESENVOLVIMENTO INDIVIDUAL                                          ,                         ,                               , "orientar o voluntário em uma proposta evolutiva, explicitando e prevenindo desafios comuns às fases de integração do voluntário"                                                                           , [Minuta] Captação de Novos Voluntários                                                                                                         , 
Cláudio     ,                    ,                        , CASAS ESPÍRITAS    ,      ,             ,       , Criar páginas sobre as tarefas dando uma visão mais abrangente e profunda    ,                         ,                               , "Esclarecer, Inspirar, Sustentar os interessados na tarefa"                                                                                                                                                 ,                                                                                                                                                , 
Cláudio     ,                    ,                        , FEDERATIVA         ,      ,             ,       , FORMULÁRIO DE DEPOIMENTOS DAS CASAS                                          ,                         ,                               , entendimento das questões vivenciadas pelas casas de forma categorizada                                                                                                                                     ,                                                                                                                                                , 
Cláudio     ,                    ,                        , SITE UEM           ,      ,             , ✅⏳    , "Ter uma área para a ""Casa"" dentro do site da UEM"                         ,                         ,                               , "Facilitar que as casas possam ser ""acolhidas"" no movimento e entre outras coisas: acompanhar o andamento das suas demandas, lista organizada de documentos para diversas áreas e cenários típicos de uso", SITE: CASAS ESPÍRITAS                                                                                                                          , 
Cláudio     , X                  , X                      , ACSE               ,      ,             ,       , TRANSPARÊNCIA DE TRABALHOS REALIZADOS P/ FACILITAR REPLICAR                  ,                         ,                               , Facilitar que os trabalhos desenvolvidos sejam encontrados e replicados                                                                                                                                     ,                                                                                                                                                , 
Leca        ,                    ,                        , ACSE               ,      ,             ,       , "Campanha ""Divulgação Espírita Consciente"""                                ,                         ,                               , Mostrar a importância de estudo e seleção de conteúdo a ser divulgado dentro da doutrina                                                                                                                    ,                                                                                                                                                , 
Leca        ,                    ,                        , ACSE               ,      ,             ,       , Aprofundamento Data Studio                                                   ,                         , https://datastudio.google.com/, Sugestão Leca: criar um grupo estadual da ACSE para desenvolver um tutorial                                                                                                                                 ,                                                                                                                                                , 
Leca        ,                    ,                        , ACSE               ,      ,             ,       , Gerenciamento das Métricas                                                   ,                         ,                               , SABER COMO O MOVIMENTO FEDERATIVO ESTÁ EVOLUINDO                                                                                                                                                            ,                                                                                                                                                , 

Leca        ,                    ,                        , COMISSÕES REGIONAIS,      ,             ,       , Seminário para CR no primeiro semestre                                       ,                         ,                               , Diminuir o tempo de encontro até a CR oficial e tratar de temas pertinentes à ACSE nas CR                                                                                                                   ,                                                                                                                                                , 
Leca        ,                    ,                        , COMISSÕES REGIONAIS,      ,             , ✅     , Momento CRE durante as CR                                                    ,                         ,                               , A exemplo da CR Zona da Mata 2022                                                                                                                                                                           ,                                                                                                                                                , 
Quem sugeriu, UNIÃO DOS ESPÍRITAS, UNIFICAÇÃO DO MOVIMENTO, GRUPO DE TRABALHO  , PTMEB, PÚBLICO ALVO, STATUS, IDÉIA                                                                        , Planejamento Estratégico, Link                          , Objetivo                                                                                                                                                                                                    , Documento / Referências                                                                                                                        , Riscos